{
    "best_cv_mae": 0.06339614075393087,
    "test_mae": 0.062163084380172866,
    "test_rmse": 0.09914073938593111,
    "test_r2": 0.8076932685307514,
    "runtime_seconds": 10.64
}