{
    "train_mae": 0.07803897884010927,
    "train_rmse": 0.09908642453062008,
    "train_r2": 0.7829940360080458,
    "test_mae": 0.08380439242968628,
    "test_rmse": 0.10858021502511626,
    "test_r2": 0.7693297564557796
}