feature,coefficient
temperature_scaled,0.26701142380863974
humidity_scaled,-0.37572808642374017
CO2_scaled,0.28192792238738806
