Model,Test MAE,Test RMSE,Test R2,Interpretability
Linear Regression,0.08380439242968628,0.10858021502511626,0.7693297564557796,High
Random Forest,0.06043118279569899,0.09729427095821387,0.8147898788701117,Medium
Tuned Random Forest,0.06216308438017289,0.09914073938593114,0.8076932685307513,Low
