{
    "MAE": 0.06043118279569901,
    "RMSE": 0.09729427095821391,
    "R2": 0.8147898788701116
}